﻿<parameters>
  <parameter name="IIS Web Application Name" defaultValue="Default Web Site/AccionLaboral_deploy" tags="IisApp">
    <parameterEntry kind="ProviderPath" scope="IisApp" match="^C:\\Users\\Usuario\\Desktop\\Proyecto-Graduacion-Fase1\\Proyecto3\\ProyectoAccionLaboral\\AccionLaboral\\obj\\Debug\\Package\\PackageTmp$" />
    <parameterEntry kind="ProviderPath" scope="setAcl" match="^C:\\Users\\Usuario\\Desktop\\Proyecto-Graduacion-Fase1\\Proyecto3\\ProyectoAccionLaboral\\AccionLaboral\\obj\\Debug\\Package\\PackageTmp$" />
  </parameter>
  <parameter name="AccionLaboralContext-Web.config Connection String" description="AccionLaboralContext Connection String used in web.config by the application to access the database." defaultValue="server=accionlaboraldb.c8cnn0d421ed.us-west-2.rds.amazonaws.com;user id=root;database=AccionLaboralDB;password=AccionLaboral" tags="SqlConnectionString">
    <parameterEntry kind="XmlFile" scope="C:\\Users\\Usuario\\Desktop\\Proyecto-Graduacion-Fase1\\Proyecto3\\ProyectoAccionLaboral\\AccionLaboral\\obj\\Debug\\Package\\PackageTmp\\Web\.config$" match="/configuration/connectionStrings/add[@name='AccionLaboralContext']/@connectionString" />
  </parameter>
  <parameter name="LocalMySqlServer-Web.config Connection String" description="LocalMySqlServer Connection String used in web.config by the application to access the database." defaultValue="" tags="SqlConnectionString">
    <parameterEntry kind="XmlFile" scope="C:\\Users\\Usuario\\Desktop\\Proyecto-Graduacion-Fase1\\Proyecto3\\ProyectoAccionLaboral\\AccionLaboral\\obj\\Debug\\Package\\PackageTmp\\Web\.config$" match="/configuration/connectionStrings/add[@name='LocalMySqlServer']/@connectionString" />
  </parameter>
</parameters>